status	courseName	sourceName	provider	matchedTitle	id	distanceM	category	query	address
confirmed	해파랑길 1코스	장산봉 동쪽 자라락	Kakao	장산봉	8071720	485	여행 > 관광,명소 > 산봉우리	부산 남구 장산봉	부산 남구 용호동 산 112-1
confirmed	해파랑길 1코스	남천동과 센텀시티를 잇는 7.42km의 광안대교. 야간 경관조경이 일품	Kakao	남천동벚꽃거리	25039071	220	여행 > 관광,명소 > 테마거리	부산 남구 남천동	부산 수영구 광안해변로 100
confirmed	서해랑길 102코스	망양/망월돈대	Kakao	망월돈대및장성	12740295	32	여행 > 관광,명소 > 문화유적	인천 강화군 망월돈대	인천 강화군 하점면 망월리 2107
confirmed	해파랑길 12코스	바다낚시 명소 소봉대	Kakao	소봉대낚시	8451247	17	스포츠,레저 > 스포츠용품 > 낚시용품	소봉대	경북 포항시 남구 장기면 동해안로2956번길 13
confirmed	해파랑길 14코스	과매기문화관과 구룡포 근대역사관	Kakao	구룡포근대역사관	20392291	3	문화,예술 > 문화시설 > 박물관	경북 포항시 구룡포 근대역사관	경북 포항시 남구 구룡포읍 구룡포길 153-1
confirmed	해파랑길 2코스	해운대와 광안리	Kakao	해운대블루라인파크 청사포정거장	321220117	1	여행 > 관광,명소 > 테마파크	해운대	부산 해운대구 청사포로 116
confirmed	남파랑길 20코스	거제 씨월드 아쿠아리움 관람 가능	Kakao	거제씨월드	23074146	42	문화,예술 > 문화시설 > 아쿠아리움	경남 거제시 거제 씨월드 아쿠아리움	경남 거제시 일운면 지세포해안로 15
confirmed	해파랑길 20코스(영덕 블루로드 3코스)	풍력발전단지 내 위치한 별반산봉수대와 영덕신재생에너지 전시관	Kakao	영덕신재생에너지전시관	12728962	46	문화,예술 > 문화시설 > 전시관	경북 영덕군 영덕신재생에너지 전시관	경북 영덕군 영덕읍 해맞이길 254-20
confirmed	해파랑길 25코스	울진의 특산물 대게를 홍보하기 위해 세워진 황금대게공원	Kakao	망양황금대게공원	27087051	0	여행 > 공원	경북 울진군 황금대게공원	경북 울진군 기성면 망양리
confirmed	남파랑길 29코스	작곡가 윤이상 기념관 및 기념공원	Kakao	윤이상기념공원	1868861984	5	여행 > 공원	경남 통영시 기념공원	경남 통영시 중앙로 27
confirmed	해파랑길 33코스	신라 51대 진성여왕의 셋째 딸 선화공주의 전설이 서린 감추사와 감추해변	Kakao	감추해변	8140057	106	여행 > 관광,명소 > 해수욕장,해변	강원 동해시 감추해변	강원특별자치도 동해시 송정동
confirmed	남파랑길 57코스	봉화산 봉화대와 고봉산전망대	Kakao	고봉산 전망대	140506108	139	여행 > 관광,명소 > 전망대	전남 여수시 고봉산전망대	전남 여수시 화양면 장수리 산 159
confirmed	남파랑길 69코스	한국의 아름다운 숲으로 선정된 천연기념물 제239호인 금탑사 비자림과 금탑사	Kakao	금탑사	8204051	458	문화,예술 > 종교 > 불교 > 절,사찰	전남 고흥군 금탑사	전남 고흥군 포두면 금탑로 842
confirmed	남파랑길 8코스	장복산 편백숲쉼터	Kakao	장복산	8544661	547	여행 > 관광,명소 > 산	경남 창원시 장복산	경남 창원시 진해구 태백동 산 52-1
confirmed	서해랑길 83코스	삽교호짚트랙	Kakao	삽교호 함상공원	11619295	43	여행 > 공원	충남 당진시 삽교호	충남 당진시 신평면 삽교천3길 79
confirmed	DMZ 평화의 길 2-1코스(우회로)	1866년 병인양요 당시 프랑스군과 전투가 벌어진 역사적 현장 문수산성	Kakao	문수산성 남문	1937740237	15	여행 > 관광,명소 > 문화유적 > 문	경기 김포시 문수산성	경기 김포시 월곶면 포내리 5-1
confirmed	DMZ 평화의 길 25코스	백자로 유명했던 방산 지역의 도자기를 모아 전시한 양구백자박물관	Kakao	양구백자박물관	20126918	63	문화,예술 > 문화시설 > 박물관	강원 양구군 양구백자박물관	강원특별자치도 양구군 방산면 평화로 5182
confirmed	DMZ 평화의 길 30-2코스(우회로)	진부령과 미시령	Kakao	진부령	964545079	52	여행 > 관광,명소 > 고개	강원 인제군 진부령	강원특별자치도 고성군 간성읍 진부령로 664
confirmed	DMZ 평화의 길 34코스	금강산, 해금강을 관람하고 DMZ	Kakao	금강산해수사우나	657358104	545	가정,생활 > 목욕탕,사우나	강원 고성군 금강산	강원특별자치도 고성군 현내면 금강산로 416
confirmed	DMZ 평화의 길 8-1코스(우회로)	임진각과 북한기념관, 각종 기념비 및 통일공원 등으로 이루어진 임진각국민관광지	Kakao	임진각 평화누리공원	27179264	414	여행 > 관광,명소 > 유원지	경기 파주시 임진각	경기 파주시 문산읍 임진각로 148-40
review	해파랑길 12코스	캠핑장과 바다 낚싯배 송림과 백사장으로 인기가 많은 오류고아라해변 (구 오류해수욕장)	Kakao	경주오류캠핑장	22736481	25	여행 > 숙박 > 야영,캠핑장	경북 경주시 캠핑장	경북 경주시 감포읍 감포로 382-7
review	남파랑길 31코스	전국 최고의 글램핑, 카라반과 사이트 시설을 갖춘 남산공원 오토캠핑장	Kakao	휴스테이 펜션 카라반	1737436092	360	여행 > 숙박 > 펜션	경남 고성군 카라반	경남 고성군 고성읍 교사대독길 462
review	해파랑길 7코스	도심 친수공간 태화강대공원	Kakao	맛나감자탕 태화강대공원점	84839603	213	음식점 > 한식 > 감자탕	울산 남구 태화강대공원	울산 중구 태화강국가정원길 231-6
review	남파랑길 74코스	내로마을, 외로마을, 도야마을	Kakao	외로마을회관	9280650	11	가정,생활 > 친목 > 마을회관	전남 고흥군 외로마을	전남 고흥군 과역면 외로길 21
review	DMZ 평화의 길 21코스	병풍처럼 깎아지른 듯한 기암괴석, 비래바위	Kakao	비래바위펜션	18100934	62	여행 > 숙박 > 펜션	강원 화천군 비래바위	강원특별자치도 화천군 상서면 구운리길 86-11
far	해파랑길 18코스	머리모양을 닮은 해골바위	Kakao	해골바위	522490466	65432	여행 > 관광,명소 > 바위	해골바위	울산 동구 서부동 산 42-1
far	해파랑길 18코스	멸종위기	Kakao	휴대폰성지 멸종위기폰	827697897	112715	가정,생활 > 전자제품 > 전자제품판매 > 휴대폰판매	멸종위기	부산 부산진구 서전로10번길 61
far	해파랑길 21코스(영덕 블루로드 4코스)	대게원조마을	Kakao	울진대게원조마을	882960835	19263	음식점 > 한식 > 해물,생선 > 게,대게	대게원조마을	경북 울진군 후포면 울진대게로 169-61
far	남파랑길 25코스	거제자연휴양림	Kakao	거제자연휴양림	8649535	1292	여행 > 관광,명소 > 자연휴양림	경남 거제시 거제자연휴양림	경남 거제시 동부면 거제중앙로 325
far	서해랑길 25코스	연계사	Kakao	연계사	13128878	937	여행 > 관광,명소 > 문화유적 > 사당,제단	연계사	전남 신안군 지도읍 태천리 754
far	해파랑길 26코스	소나무와 해당화 모래밭, 깨끗한 백사장으로 유명한 봉평 해변	Kakao	울진행곡리 처진소나무	12720845	2699	여행 > 관광,명소	경북 울진군 소나무	경북 울진군 근남면 행곡리 672
far	해파랑길 27코스	노천온천으로 알려진 덕구온천	Kakao	덕구온천스파월드	310657506	7893	여행 > 관광,명소 > 온천	경북 울진군 덕구온천	경북 울진군 북면 덕구온천로 924
far	남파랑길 30코스	바닷길인 예쁜 해안도로	Kakao	바닷길	48746022	317602	스포츠,레저 > 수영,수상 > 수상스포츠	바닷길	강원특별자치도 강릉시 가작로 78
far	서해랑길 38코스	영광풍력발전단지	Kakao	영광풍력발전	1009426160	1327	서비스,산업 > 에너지	전남 영광군 영광풍력발전단지	전남 영광군 염산면 봉덕로 221-65
far	해파랑길 4코스	한반도	Kakao	한반도지형 전망대	1119795171	184442	여행 > 관광,명소 > 전망대	한반도	충북 옥천군 안남면 연주리 산 25-12
far	서해랑길 40코스	백제불교문화최초도래지	Kakao	백제불교문화최초도래지 탑원	17577124	1086	여행 > 관광,명소 > 문화유적 > 탑,비석	전남 영광군 백제불교문화최초도래지	전남 영광군 법성면 백제문화로 203
far	서해랑길 41코스	장호어촌체험마을	Kakao	삼척장호어촌체험마을 장호1리체험장	251066321	315915	스포츠,레저 > 수영,수상 > 수상스포츠	장호어촌체험마을	강원특별자치도 삼척시 근덕면 장호리 3-42
far	남파랑길 42코스	길현미술관	Kakao	길현미술관	14614456	27577	문화,예술 > 문화시설 > 미술관	길현미술관	경남 하동군 진교면 사기아름길 62-1
far	해파랑길 42코스	기암절벽과 동해바다가 절경인 사시사철 송죽이 울창한 죽도정	Kakao	수락산 기암절벽	853066049	147535	여행 > 관광,명소	기암절벽	경기 남양주시 별내동 산 205-1
far	해파랑길 44코스	동해바다와 설악산	Kakao	설악산	21764909	12984	여행 > 관광,명소 > 산	강원 양양군 설악산	강원특별자치도 양양군 서면 오색리
far	해파랑길 47코스	강릉 함씨, 강릉 최씨, 용궁 김씨 집성촌으로 14세기부터 형성된 고성 왕곡마을	Kakao	강릉최씨동원군종택	12772270	54460	여행 > 관광,명소 > 문화유적 > 생가,고택	강릉 최씨	강원특별자치도 강릉시 주문진읍 신리천로 192-3
far	해파랑길 47코스	바닷고기와 민물고기가 함께 서식하는 고니를 비롯한 겨울철새 도래지 송지호	Kakao	바닷고기	2113612447	303893	음식점 > 술집 > 일본식주점	바닷고기	전북특별자치도 전주시 완산구 전라감영2길 14
far	서해랑길 48코스	새만금방조제	Kakao	새만금방조제	7936681	21545	여행 > 관광,명소 > 방조제	새만금방조제	전북특별자치도 군산시 비응도동 123
far	해파랑길 5코스	옹기회관, 옹기전시관, 상설판매장 등이 위치한 외고산 옹기마을	Kakao	외고산옹기마을	27096756	1743	여행 > 체험여행 > 정보화,체험마을	울산 울주군 외고산 옹기마을	울산 울주군 온양읍 외고산3길 36
far	남파랑길 51코스	이순신장군이 27일간을 머물면서 전사 하루 전 소서행장을 노량 앞바다로 유인하여 대첩을 거둔 유서깊은 전적지	Kakao	장흥석대들전적지	12740918	66497	여행 > 관광,명소 > 문화유적	전적지	전남 장흥군 장흥읍 읍성로 2
far	서해랑길 58코스	성경전래지기념관	Kakao	성경전래지기념관	2109168840	2607	문화,예술 > 문화시설 > 기념관	충남 서천군 성경전래지기념관	충남 서천군 서면 서인로 89-16
far	남파랑길 59코스	가사리 생태체험장과 소라면 복산리~달천교까지 이어지는 자전거길	Kakao	낙동강자전거길	23937809	141145	교통,수송 > 도로시설 > 자전거도로	자전거길	대구 달성군 화원읍 설화리 9-2
far	서해랑길 64-3(지선3코스)	마애삼존불상	Kakao	수암리마애삼존불상	25492117	141171	여행 > 관광,명소 > 문화유적 > 불상,석불	마애삼존불상	강원특별자치도 원주시 소초면 수암리 979
far	서해랑길 64-4(지선4코스)	서산유기방가옥	Kakao	유기방가옥	25045267	1027	여행 > 관광,명소	충남 서산시 서산유기방가옥	충남 서산시 운산면 이문안길 72-10
far	서해랑길 66코스	국립태안해양유물전시관	Kakao	태안해양유물전시관	1045002102	5583	문화,예술 > 문화시설 > 전시관	충남 태안군 국립태안해양유물전시관	충남 태안군 근흥면 신진대교길 94-33
far	남파랑길 69코스	철쭉동산	Kakao	철쭉동산	8093506	313267	여행 > 공원 > 도시근린공원	철쭉동산	경기 군포시 산본동 1152-14
far	서해랑길 70코스	장길산	Kakao	장길산	9419065	213546	음식점 > 한식 > 육류,고기 > 갈비	장길산	경북 칠곡군 약목면 약목로 107
far	서해랑길 74코스	밤섬해수욕장	Kakao	삽시도밤섬해수욕장	10550093	55709	여행 > 관광,명소 > 해수욕장,해변	밤섬해수욕장	충남 보령시 오천면 삽시도리
far	서해랑길 81코스	석문호	Kakao	석문호	15150293	1034	여행 > 관광,명소 > 호수	충남 당진시 석문호	충남 당진시 송산면 가곡리 564
far	남파랑길 82코스	옹기마을	Kakao	옹기마을	658522387	141265	서비스,산업 > 식품 > 식품가공,제조	옹기마을	전북특별자치도 장수군 계남면 갈평길 80-24
far	남파랑길 83코스	철새도래지	Kakao	철새도래지	8092845	322503	여행 > 관광,명소 > 생태보존,서식지	철새도래지	서울 영등포구 여의도동 84-2
far	서해랑길 84코스	아산만방조제	Kakao	아산만방조제	7991178	1947	여행 > 관광,명소 > 방조제	충남 아산시 아산만방조제	충남 아산시 인주면 공세리 759
far	남파랑길 86코스	해조류센터 주변 등대와 활어회센터	Kakao	삼척항활어회센터	23792013	405276	가정,생활 > 상가,아케이드	활어회센터	강원특별자치도 삼척시 이사부길 38
far	DMZ 평화의 길 1코스	6.25전쟁	Kakao	6.25전쟁납북인사가족협의회	1129629161	24242	사회,공공기관 > 단체,협회	6.25전쟁	경기 파주시 문산읍 임진각로 153
far	DMZ 평화의 길 11코스 	자라봉	Kakao	자라봉	25344002	192932	여행 > 관광,명소 > 산봉우리	자라봉	충남 보령시 미산면 평라리
far	DMZ 평화의 길 11코스 	조선시대	Kakao	고구리조선시대한증막	1771680890	56259	여행 > 관광,명소 > 문화유적	조선시대	인천 강화군 교동면 고구리 산 233
far	DMZ 평화의 길 20코스	계성리 마을	Kakao	계성리마을회관	23794075	6923	가정,생활 > 친목 > 마을회관	강원 화천군 계성리 마을	강원특별자치도 화천군 하남면 계파로 172
far	DMZ 평화의 길 21코스	유물인 계성리 석등	Kakao	계성리석등	10158145	5286	여행 > 관광,명소 > 문화유적 > 탑,비석	강원 화천군 계성리 석등	강원특별자치도 화천군 하남면 계성리 594
far	DMZ 평화의 길 21코스	인민군 사령부 막사	Kakao	인민군사령부막사	27039545	7982	여행 > 관광,명소 > 문화유적	강원 화천군 인민군 사령부 막사	강원특별자치도 화천군 상서면 다파로 124
far	DMZ 평화의 길 22코스	6.25전쟁 때 국군이 중공군의 대공세를 무찌른 전투를 기리는 파로호 안보전시관	Kakao	파로호안보전시관	10905856	1215	문화,예술 > 문화시설 > 전시관	강원 화천군 파로호 안보전시관	강원특별자치도 화천군 간동면 파로호로 208
far	DMZ 평화의 길 23코스	과 겨울철	Kakao	양재천 수영장 겨울철 눈놀이터	743546209	98992	가정,생활 > 유아 > 놀이시설 > 놀이터	겨울철	서울 서초구 양재동 126-1
far	DMZ 평화의 길 23코스	한국전쟁 직후 피난 온 사람들이 정착하여 화전 밭을 일구며 형성된 마을, 비수구미	Kakao	비수구미계곡	11277956	2930	여행 > 관광,명소 > 계곡	강원 화천군 비수구미	강원특별자치도 화천군 화천읍 비수구미길 470
far	DMZ 평화의 길 25코스	대하천, 수입천	Kakao	수입천	7965276	2318	여행 > 관광,명소 > 하천	강원 양구군 수입천	강원특별자치도 양구군 방산면 오미리
far	DMZ 평화의 길 28코스	군사분계선 부근의 최전방 안보 관광지, 을지전망대	Kakao	을지전망대	10669533	4395	여행 > 관광,명소 > 전망대	강원 양구군 을지전망대	강원특별자치도 양구군 해안면 이현리
far	DMZ 평화의 길 30코스 (예약노선)	천연기념물로 지정된 남한 유일의 고층 습지인 대암산 용늪	Kakao	대암산용늪	7821105	8616	여행 > 관광,명소 > 생태보존,서식지	강원 인제군 대암산 용늪	강원특별자치도 인제군 서화면 서흥리 산 170
far	DMZ 평화의 길 30코스 (예약노선)	금강산의 일부로 여겨지며, 6.25전쟁 당시 요충지로 알려졌던 향로	Kakao	금강산	240648135	161081	여행 > 관광,명소 > 산	금강산	경기 안성시 금광면 금광리 산 48
far	DMZ 평화의 길 8코스 (예약노선)	생태수로와 습지관찰데크 등을 갖춘 임진각 수풀누리	Kakao	을숙도 생태수로	27471133	364232	여행 > 관광,명소 > 생태보존,서식지	생태수로	부산 사하구 하단동 1213
far	DMZ 평화의 길 8코스 (예약노선)	해마루촌	Kakao	해마루촌	8149468	2425	여행 > 체험여행 > 정보화,체험마을	경기 파주시 해마루촌	경기 파주시 진동면 해마루길 111
none	해파랑길 1코스	해운 최치원							
none	서해랑길 10코스	진도 팽목항							
none	남파랑길 11코스	진동항							
none	해파랑길 11코스	아담하고 조용하지만 웅장한 거마상과 화려한 야간경관이 아름다운 전촌항							
none	남파랑길 12코스	석전마을과 금봉촌마을							
none	해파랑길 12코스	고려말 성씨가 다른 세집이 마을을 형성할 무렵 연꽃이 많았다 하여 붙여진 연동마을							
none	남파랑길 13코스	아기자기하고 작은 마을들을 구경할 수 있음							
none	남파랑길 13코스	면화산둘레길을 따라 걸으며 고즈넉한 자연의 경치를 감상할 수 있음							
none	해파랑길 13코스	이른 아침마다 활어시장이 열리는 출발점 양포항							
none	해파랑길 13코스	일제강점기 수산업							
none	남파랑길 14코스	봄철 덕포교 인근							
none	남파랑길 14코스	소박한 죽림소공원							
none	남파랑길 15코스	코스 초반 장문 해안로 구간							
none	해파랑길 15코스	구룡포 악어 바위와 독수리바위 주변으로 정비된 해안산책로							
none	남파랑길 16코스	거제 읍성인 거제사등성							
none	서해랑길 16코스	포뮬러원 그랑프리 경주장							
none	해파랑길 16코스	전설이 서린 도구해변							
none	해파랑길 16코스	포항시내 야간경관이 아름다운 형산강을 가로지르는 포스코대교							
none	남파랑길 17코스	거제 석름봉 둘레길							
none	남파랑길 17코스	대나무 구간이 일부 포함되어 있어 이색적인 체험이 가능							
none	해파랑길 17코스	여상과 포토존							
none	해파랑길 17코스	송도해변을 지나 북부해변							
none	해파랑길 17코스	누에고추 모양을 한 포항시의 대표 공원 중 하나 환호공원							
none	남파랑길 18코스	김영삼대통령생가 기록전시관 관람							
none	서해랑길 18코스	목포요트마리나							
none	해파랑길 18코스	종착지 화진해변 가는길							
none	남파랑길 19코스	대계마을의 김영삼대통령생가 기록전시관 관람 가능							
none	남파랑길 19코스	아담하고 한적한 덕포해수욕장							
none	남파랑길 19코스	임진왜란 중 해전							
none	남파랑길 19코스	조선소인 대우조선소							
none	서해랑길 19코스	초의선사 유적지							
none	해파랑길 19코스(영덕 블루로드 1, 2코스)	모래알이 굵고 일출이 장관인 장사해변							
none	해파랑길 19코스(영덕 블루로드 1, 2코스)	경보화석박물관							
none	서해랑길 2코스	해남안호리고분군							
none	서해랑길 2코스	두모 선착장							
none	해파랑길 2코스	죽림이 우거져 옛부터 이곳의 대나무로 화살을 만들었다 전해지는 죽도							
none	해파랑길 2코스	동해바다를 향해 위치한 관음도랑으로 새해소망을 기원하며 방문하는 참배객들이 많음							
none	해파랑길 2코스	侍郞臺							
none	남파랑길 20코스	경관이 아름다운 능포수변공원							
none	남파랑길 20코스	남해의 어촌 생활사를 다룬 거제어촌민속전시관							
none	서해랑길 20코스	톱머리해변							
none	남파랑길 21코스	남해의 어촌 생활사를 다룬 거제어촌민속전시관							
none	남파랑길 21코스	추천명소 8경							
none	남파랑길 21코스	송림이 우거진 와현해수욕장							
none	해파랑길 21코스(영덕 블루로드 4코스)	영덕의 대표적인 어항이자 대게 위판장으로 유명한 축산항							
none	남파랑길 22코스	모래가 곱고 수심이 완만한 구조라해수욕장 이용 가능							
none	해파랑길 22코스(영덕 블루로드 5, 6, 7코스)	해발 282m 대소산 정상							
none	해파랑길 22코스(영덕 블루로드 5, 6, 7코스)	400년 전통의 영양 남씨 집성촌 괴시리전통마을							
none	해파랑길 22코스(영덕 블루로드 5, 6, 7코스)	울창한 송립과 8km							
none	남파랑길 23코스	가라산 정상							
none	서해랑길 23코스	조금나루해변							
none	해파랑길 23코스(영덕 블루로드 8코스)	바다와 함께 즐기는 울진여행의 대표적인 코스 칠보산 자연휴양림							
none	남파랑길 24코스	쌍근항 캠핑장							
none	해파랑길 24코스	넓고 울창한 송림과 갯벌과 고운 모래가 일품인 얕고 완만한 구산 해변							
none	해파랑길 24코스	향곡마을							
none	서해랑길 25코스	태천염전							
none	해파랑길 25코스	대표적인 해수욕장 기성망양해변							
none	해파랑길 25코스	망양정 옛터와 현재의 근남면 망양정을 차례로 지남							
none	해파랑길 25코스	덕신해변							
none	해파랑길 26코스	보고 울진엑스포공원							
none	해파랑길 26코스	폭풍 속으로 드라마 촬영지이자 1박2일 촬영지였던 죽변등대							
none	해파랑길 27코스	지역주민들과 한국수력원자력 직원들이 다목적으로 이용하는 울진원자력 공원							
none	해파랑길 27코스	자갈과 모래가 적절히 나눠진 깨끗한 해수욕장 나곡해변							
none	해파랑길 28코스	나곡항							
none	해파랑길 28코스	경북과 강원도의 경계에 위치한 고포마을. 특산품 미역으로 유명							
none	해파랑길 28코스	몽돌해변으로 유명한 호산해변							
none	해파랑길 29코스	싱싱한 활어회와 다양한 삼척 맛집, 편의 시설이 잘 갖춰진 임원항							
none	해파랑길 29코스	황희정승의 업적을 기려 당시 백성들이 세운 황희정승소공대비							
none	해파랑길 29코스	각종 해양 체험 프로그램과 숙박, 관광시설이 갖춰진 용화해수욕장							
none	남파랑길 3코스	지질생태탐방로							
none	서해랑길 3코스	산소어촌체험마을							
none	남파랑길 30코스	무전해변							
none	서해랑길 30코스	내양녹색농촌체험마을							
none	해파랑길 30코스	삼척에서 태어난 바르셀로나 올림픽 마라톤 금메달리스트 황영조기념공원							
none	해파랑길 30코스	동해안 유일의 남근숭배 민속이 전해오는 이색적인 해신당공원							
none	남파랑길 31코스	한 편은 개울과 한 편은 아름다운 산과 들판을 보며 가을을 느끼며 걷기							
none	해파랑길 31코스	울창한 송림과 바다로 이어지는 맑은 하천이 흐르는 재동소 공원							
none	해파랑길 31코스	덕산해수욕장							
none	남파랑길 33코스	상족암 둘레길							
none	남파랑길 34코스	바다가 보이는 찜질방인 남일대 해수월드							
none	해파랑길 34코스	묵호동 산 중턱							
none	해파랑길 34코스	도시적인 카페와 싱싱한 활어 횟집이 조화를 이루는 어달해변							
none	서해랑길 35코스	함평군억새정원							
none	서해랑길 35코스	함평해수찜마을							
none	서해랑길 35코스	안악해변							
none	해파랑길 35코스 바우길 09구간	절경이 뛰어남							
none	해파랑길 35코스 바우길 09구간	모래시계 촬영지로 유명한 정동진역. 승강장							
none	해파랑길 36코스 바우길 08구간	모래시계 촬영지로 유명한 정동진역. 승강장							
none	남파랑길 37코스	남해 가안리 해안							
none	서해랑길 37코스	바닷바람으로 친환경 에너지를 생산하는 풍력발전기							
none	서해랑길 39코스	모래미해변							
none	해파랑길 4코스	진하 해변							
none	해파랑길 4코스	갯가로 월출이 아름다운 임랑 해변							
none	해파랑길 40코스 바우길 12구간	군부대가 있던자리를 산책과 공원으로 새롭게 꾸민 사천진리 해변공원							
none	해파랑길 40코스 바우길 12구간	직접 어민들이 바다							
none	해파랑길 40코스 바우길 12구간	아름다운 주문진해변							
none	남파랑길 41코스	천하몽돌해변							
none	서해랑길 41코스	구시포해변							
none	해파랑길 41코스	쉬고 또 쉰다는 의미의 휴휴암. 낙산사와 함께 새로운 일출 명소로 떠오름							
none	해파랑길 41코스	하나 남애항							
none	남파랑길 42코스	홍현해라우지마을							
none	해파랑길 42코스	38선 바로 옆							
none	해파랑길 42코스	애국가							
none	서해랑길 43코스	반암교~용선교 일대							
none	해파랑길 43코스	가자미 배낚시, 요트, 투명보트로 유명한 일출 명소 수산항							
none	남파랑길 44코스	장항해변							
none	서해랑길 44코스	줄포만생태갯벌공원							
none	해파랑길 44코스	관동팔경 중 하나로 신라 의상대사가 창건한 낙산사							
none	해파랑길 44코스	대표 어항 물치항							
none	남파랑길 45코스	노구마을 보호수							
none	해파랑길 45코스	인근 설악산 척산온천과 함께 속초의 대표적인 명소 속초 해변							
none	해파랑길 45코스	고즈넉한 영랑호							
none	남파랑길 46코스	이충무공전몰유허(이락사)							
none	서해랑길 47코스	격포해변							
none	남파랑길 48코스	섬진강 자전거길							
none	서해랑길 48코스	변산해변							
none	해파랑길 48코스	가진활어회센터							
none	해파랑길 48코스	시내와 인접해 편의 시설이 많고 지역민과 관광객들에게 잘 알려진 거진리 해변							
none	남파랑길 49코스	전어축제로 유명한 망덕포구 일원은 바다와 섬진강이 만나는 독특한 경관을 볼 수 있으며 전망데크와 쉼터가 잘 구성되어 있음							
none	해파랑길 49코스	통일과 평화, 가족의 소중함을 담은 거진등대 해맞이공원							
none	해파랑길 5코스	수심이 얕으며 백사장이 넓고 바닷물이 맑은 진하해변							
none	해파랑길 5코스	동해남부선							
none	서해랑길 50코스	고마저수지							
none	해파랑길 50코스	군사지역으로 한시적으로만 개장되는 동해안 최북단 명파해변							
none	남파랑길 51코스	순청왜성							
none	서해랑길 52코스	망해대							
none	서해랑길 58코스	선도리어촌체험마을							
none	서해랑길 58코스	마랑포구							
none	서해랑길 58코스	마랑리동백나무숲							
none	서해랑길 58코스	춘장대해변							
none	서해랑길 59코스	무창포신비의바닷길							
none	서해랑길 59코스	죽도관광지							
none	해파랑길 6코스	실내, 야외로 운영중인 수영장과 4가지 주제로 꾸며진 울산대공원							
none	해파랑길 6코스	4개 코스를 가진 순환산책로 솔마루길							
none	서해랑길 60코스	보령머드박물관							
none	남파랑길 62코스	일출이 아름다운 화포해변							
none	남파랑길 63코스	벌교갯벌습지와 여자만 풍광							
none	남파랑길 64코스	소박한 마을들과 조용한 농로를 걸으며 여유로움을 느낄 수 있음							
none	남파랑길 64코스	이색자원적인 체험이 가능							
none	서해랑길 64-2코스(지선2코스)	해미순교성지							
none	서해랑길 64-6(지선6코스)	합덕재래시장							
none	서해랑길 65코스	청포대해변							
none	서해랑길 65코스	달산포해변							
none	남파랑길 66코스	남해 다도해 풍경이 아름다운 우미산 정상							
none	남파랑길 66코스	해안절벽로							
none	서해랑길 66코스	안흥석성							
none	남파랑길 67코스	영남 만리성							
none	서해랑길 69코스	의항해변							
none	남파랑길 7코스	수치마을 해안로							
none	서해랑길 7코스	죽제산산림욕장							
none	서해랑길 70코스	용의눈물							
none	서해랑길 70코스	구례포해변							
none	서해랑길 71코스	학암포해변							
none	서해랑길 71코스	볏가리체험마을							
none	서해랑길 71코스	사목해변							
none	서해랑길 72코스	꾸지나무골해변							
none	서해랑길 72코스	여섬(꽤갈섬)							
none	서해랑길 75코스	시우치 저수지							
none	남파랑길 76코스	장선해변							
none	남파랑길 76코스	득량만생태공원							
none	서해랑길 77코스	서산창착예술촌							
none	남파랑길 78코스	한승원 문학산책길							
none	남파랑길 79코스	사금어촌체험마을							
none	해파랑길 8코스	울산만 밖							
none	남파랑길 82코스	약 1km 길이로 청자타워							
none	서해랑길 83코스	해양테마과학관							
none	남파랑길 84코스	사초해안도로							
none	남파랑길 84코스	신전면 해안관광로 전망데크							
none	남파랑길 86코스	남창5일장							
none	서해랑길 87코스	매항리마을							
none	남파랑길 88코스	역사드라마 촬영의 메카 해신 드라마 세트장							
none	서해랑길 88코스	백미리어촌체험마을							
none	서해랑길 88코스	제부도아트파크							
none	남파랑길 9코스	노산동 가고파거리							
none	남파랑길 9코스	315의거기념비							
none	남파랑길 90코스	우리나라 최남단							
none	서해랑길 90코스	홀곶갯벌체험장							
none	서해랑길 91코스	종현어촌체험마을							
none	서해랑길 95코스	학인에코테마파크							
none	서해랑길 95코스	한국근대문화관							
none	DMZ 평화의 길 1코스	조선 시대 강화해협을 지키는 요새였던 문수산성							
none	DMZ 평화의 길 11코스 	자연제방 위							
none	DMZ 평화의 길 12코스	임진강 본류의 홍수조절 능력 확보를 위해 건립된 단일목적댐, 군남홍수조절지							
none	DMZ 평화의 길 15코스	관우리							
none	DMZ 평화의 길 18코스	백골상							
none	DMZ 평화의 길 18코스	자누리골 농촌체험휴양마을							
none	DMZ 평화의 길 19-1코스(우회로)	매년 여름 토마토축제를 개최하는 사내문화마을							
none	DMZ 평화의 길 20코스	병풍처럼 깎아지른 기암괴석으로 주변 산중							
none	DMZ 평화의 길 2-1코스(우회로)	1127년(인종 5)							
none	DMZ 평화의 길 2-1코스(우회로)	가톨릭 교회 통진성당							
none	DMZ 평화의 길 22코스	화천댐 건설 이후 북한강을 건너기 위해 만든 꺼먹다리							
none	DMZ 평화의 길 22코스	화천댐 건설 이후 거대한 호수가 된 파로호							
none	DMZ 평화의 길 23코스	남북은 물론, 세계 평화를 기원하는 의미를 담아 조성한 국제평화아트파크							
none	DMZ 평화의 길 25코스	독특한 형태의 암벽과 그 사이로 쏟아지는 물줄기가 절경을 이루는 직연폭포							
none	DMZ 평화의 길 26코스 (예약노선)	국내 최대 열목어 서식지로 알려진 두타연계곡							
none	DMZ 평화의 길 28코스	통일교육장으로 활용하기 위해 건립된 양구 통일관							
none	DMZ 평화의 길 29코스	6.25전쟁 중 양구 지역							
none	DMZ 평화의 길 30-1코스(우회로)	용늪마을자연생태학교							
none	DMZ 평화의 길 30-1코스(우회로)	노무현대통령이 말련							
none	DMZ 평화의 길 30-2코스(우회로)	산봉우리							
none	DMZ 평화의 길 3-1코스(우회로)	가톨릭 교회 통진성당							
none	DMZ 평화의 길 3-1코스(우회로)	대표적인 어장인 전류리포구							
none	DMZ 평화의 길 31코스 	인제와 고성을 잇는 옛 고갯길인 진부령							
none	DMZ 평화의 길 31코스 	아름다운 설경으로 유명한 백두대간 봉우리 마산봉							
none	DMZ 평화의 길 31-1코스(우회로)	고성읍출장사무소 건물을 개조해 만든 진부령미술관							
none	DMZ 평화의 길 32코스	팔려가는 소들이 주막 앞							
none	DMZ 평화의 길 32코스	신라 법흥왕 시대							
none	DMZ 평화의 길 32-1코스(우회로)	팔려가는 소들이 주막 앞							
none	DMZ 평화의 길 32-1코스(우회로)	1930년부터 원상-양양간 동해북부선을 잇던 북천철교							
none	DMZ 평화의 길 32-1코스(우회로)	어항 거진항							
none	DMZ 평화의 길 33코스	신라 법흥왕 시대							
none	DMZ 평화의 길 33코스	자연 호수 화진포							
none	DMZ 평화의 길 33-1코스(우회로)	통일과 평화, 가족의 소중함을 담은 거진등대 해맞이공원							
none	DMZ 평화의 길 4-1코스(지선코스)	임진왜란 3대 대첩 중 하나인 행주대첩이 벌어졌던 행주산성							
none	DMZ 평화의 길 5코스	각종 철새가 겨울을 나는 한강하류 재두루미 도래지							
none	DMZ 평화의 길 7코스	황희가 임진강 하류의 절경을 감상했다는 정자 반구정							
none	DMZ 평화의 길 7코스	슬픔을 달랜 임진각관광지							
none	DMZ 평화의 길 8-1코스(우회로)	임진강가 벼랑 위							
none	DMZ 평화의 길 9코스 	조선시대 대표적인 명의 허준과 부인 안동김씨의 쌍분 무덤인 허준 묘							
