courseName	sourceName
해파랑길 1코스	장산봉 동쪽 자라락
해파랑길 1코스	남천동과 센텀시티를 잇는 7.42km의 광안대교. 야간 경관조경이 일품
해파랑길 1코스	해운 최치원
서해랑길 10코스	진도 팽목항
해파랑길 10코스	동해안
해파랑길 10코스	1주일
서해랑길 102코스	망양/망월돈대
남파랑길 11코스	진동항
해파랑길 11코스	문무대왕릉과 봉길대왕암해변이 한눈
해파랑길 11코스	아담하고 조용하지만 웅장한 거마상과 화려한 야간경관이 아름다운 전촌항
남파랑길 12코스	석전마을과 금봉촌마을
해파랑길 12코스	고려말 성씨가 다른 세집이 마을을 형성할 무렵 연꽃이 많았다 하여 붙여진 연동마을
해파랑길 12코스	바다낚시 명소 소봉대
해파랑길 12코스	캠핑장과 바다 낚싯배 송림과 백사장으로 인기가 많은 오류고아라해변 (구 오류해수욕장)
남파랑길 13코스	아기자기하고 작은 마을들을 구경할 수 있음
남파랑길 13코스	고성에서 통영으로 이어지는 아름다운 해안가
남파랑길 13코스	면화산둘레길을 따라 걸으며 고즈넉한 자연의 경치를 감상할 수 있음
해파랑길 13코스	이른 아침마다 활어시장이 열리는 출발점 양포항
해파랑길 13코스	일제강점기 수산업
남파랑길 14코스	봄철 덕포교 인근
남파랑길 14코스	소박한 죽림소공원
서해랑길 14코스	해양
해파랑길 14코스	과매기문화관과 구룡포 근대역사관
남파랑길 15코스	코스 초반 장문 해안로 구간
해파랑길 15코스	구룡포 악어 바위와 독수리바위 주변으로 정비된 해안산책로
남파랑길 16코스	거제 읍성인 거제사등성
서해랑길 16코스	포뮬러원 그랑프리 경주장
해파랑길 16코스	전설이 서린 도구해변
해파랑길 16코스	포항시내 야간경관이 아름다운 형산강을 가로지르는 포스코대교
남파랑길 17코스	거제 석름봉 둘레길
남파랑길 17코스	대나무 구간이 일부 포함되어 있어 이색적인 체험이 가능
남파랑길 17코스	하청야구장을 지나며 바라보는 바다 풍경
해파랑길 17코스	여상과 포토존
해파랑길 17코스	송도해변을 지나 북부해변
해파랑길 17코스	누에고추 모양을 한 포항시의 대표 공원 중 하나 환호공원
해파랑길 17코스	드넓은 바다
남파랑길 18코스	2003년 태풍 매미로 경작지를 잃은 시민이 홀로 쌓아올린 매미성을 관람할 수 있음
남파랑길 18코스	김영삼대통령생가 기록전시관 관람
서해랑길 18코스	목포요트마리나
해파랑길 18코스	머리모양을 닮은 해골바위
해파랑길 18코스	멸종위기
해파랑길 18코스	종착지 화진해변 가는길
남파랑길 19코스	대계마을의 김영삼대통령생가 기록전시관 관람 가능
남파랑길 19코스	아담하고 한적한 덕포해수욕장
남파랑길 19코스	임진왜란 중 해전
남파랑길 19코스	조선소인 대우조선소
서해랑길 19코스	초의선사 유적지
해파랑길 19코스(영덕 블루로드 1, 2코스)	모래알이 굵고 일출이 장관인 장사해변
해파랑길 19코스(영덕 블루로드 1, 2코스)	경보화석박물관
서해랑길 2코스	해남안호리고분군
서해랑길 2코스	두모 선착장
해파랑길 2코스	해운대와 광안리
해파랑길 2코스	죽림이 우거져 옛부터 이곳의 대나무로 화살을 만들었다 전해지는 죽도
해파랑길 2코스	동해바다를 향해 위치한 관음도랑으로 새해소망을 기원하며 방문하는 참배객들이 많음
해파랑길 2코스	侍郞臺
남파랑길 20코스	경관이 아름다운 능포수변공원
남파랑길 20코스	남해의 어촌 생활사를 다룬 거제어촌민속전시관
남파랑길 20코스	거제 씨월드 아쿠아리움 관람 가능
서해랑길 20코스	톱머리해변
해파랑길 20코스(영덕 블루로드 3코스)	풍력발전단지 내 위치한 별반산봉수대와 영덕신재생에너지 전시관
남파랑길 21코스	남해의 어촌 생활사를 다룬 거제어촌민속전시관
남파랑길 21코스	추천명소 8경
남파랑길 21코스	송림이 우거진 와현해수욕장
해파랑길 21코스(영덕 블루로드 4코스)	대게원조마을
해파랑길 21코스(영덕 블루로드 4코스)	영덕의 대표적인 어항이자 대게 위판장으로 유명한 축산항
남파랑길 22코스	모래가 곱고 수심이 완만한 구조라해수욕장 이용 가능
해파랑길 22코스(영덕 블루로드 5, 6, 7코스)	해발 282m 대소산 정상
해파랑길 22코스(영덕 블루로드 5, 6, 7코스)	400년 전통의 영양 남씨 집성촌 괴시리전통마을
해파랑길 22코스(영덕 블루로드 5, 6, 7코스)	울창한 송립과 8km
남파랑길 23코스	가라산 정상
서해랑길 23코스	조금나루해변
해파랑길 23코스(영덕 블루로드 8코스)	바다와 함께 즐기는 울진여행의 대표적인 코스 칠보산 자연휴양림
남파랑길 24코스	쌍근항 캠핑장
해파랑길 24코스	넓고 울창한 송림과 갯벌과 고운 모래가 일품인 얕고 완만한 구산 해변
해파랑길 24코스	향곡마을
남파랑길 25코스	거제자연휴양림
서해랑길 25코스	태천염전
서해랑길 25코스	연계사
해파랑길 25코스	대표적인 해수욕장 기성망양해변
해파랑길 25코스	망양정 옛터와 현재의 근남면 망양정을 차례로 지남
해파랑길 25코스	울진의 특산물 대게를 홍보하기 위해 세워진 황금대게공원
해파랑길 25코스	덕신해변
해파랑길 26코스	보고 울진엑스포공원
해파랑길 26코스	소나무와 해당화 모래밭, 깨끗한 백사장으로 유명한 봉평 해변
해파랑길 26코스	폭풍 속으로 드라마 촬영지이자 1박2일 촬영지였던 죽변등대
해파랑길 27코스	지역주민들과 한국수력원자력 직원들이 다목적으로 이용하는 울진원자력 공원
해파랑길 27코스	자갈과 모래가 적절히 나눠진 깨끗한 해수욕장 나곡해변
해파랑길 27코스	노천온천으로 알려진 덕구온천
해파랑길 28코스	나곡항
해파랑길 28코스	경북과 강원도의 경계에 위치한 고포마을. 특산품 미역으로 유명
해파랑길 28코스	몽돌해변으로 유명한 호산해변
남파랑길 29코스	작곡가 윤이상 기념관 및 기념공원
해파랑길 29코스	싱싱한 활어회와 다양한 삼척 맛집, 편의 시설이 잘 갖춰진 임원항
해파랑길 29코스	황희정승의 업적을 기려 당시 백성들이 세운 황희정승소공대비
해파랑길 29코스	각종 해양 체험 프로그램과 숙박, 관광시설이 갖춰진 용화해수욕장
남파랑길 3코스	지질생태탐방로
서해랑길 3코스	산소어촌체험마을
남파랑길 30코스	무전해변
남파랑길 30코스	바닷길인 예쁜 해안도로
서해랑길 30코스	내양녹색농촌체험마을
해파랑길 30코스	삼척에서 태어난 바르셀로나 올림픽 마라톤 금메달리스트 황영조기념공원
해파랑길 30코스	동해안 유일의 남근숭배 민속이 전해오는 이색적인 해신당공원
남파랑길 31코스	전국 최고의 글램핑, 카라반과 사이트 시설을 갖춘 남산공원 오토캠핑장
남파랑길 31코스	고성읍을 한눈
남파랑길 31코스	한 편은 개울과 한 편은 아름다운 산과 들판을 보며 가을을 느끼며 걷기
해파랑길 31코스	울창한 송림과 바다로 이어지는 맑은 하천이 흐르는 재동소 공원
해파랑길 31코스	덕산해수욕장
남파랑길 32코스	매력적인 해안 경관
남파랑길 33코스	상족암 둘레길
해파랑길 33코스	신라 51대 진성여왕의 셋째 딸 선화공주의 전설이 서린 감추사와 감추해변
남파랑길 34코스	바다가 보이는 찜질방인 남일대 해수월드
해파랑길 34코스	묵호동 산 중턱
해파랑길 34코스	도시적인 카페와 싱싱한 활어 횟집이 조화를 이루는 어달해변
남파랑길 35코스	예쁜 카페 풍경
서해랑길 35코스	함평군억새정원
서해랑길 35코스	함평해수찜마을
서해랑길 35코스	안악해변
해파랑길 35코스 바우길 09구간	절경이 뛰어남
해파랑길 35코스 바우길 09구간	모래시계 촬영지로 유명한 정동진역. 승강장
해파랑길 36코스 바우길 08구간	모래시계 촬영지로 유명한 정동진역. 승강장
남파랑길 37코스	남해 가안리 해안
서해랑길 37코스	바닷바람으로 친환경 에너지를 생산하는 풍력발전기
서해랑길 38코스	영광풍력발전단지
서해랑길 38코스	풍경
서해랑길 39코스	모래미해변
해파랑길 4코스	진하 해변
해파랑길 4코스	갯가로 월출이 아름다운 임랑 해변
해파랑길 4코스	한반도
서해랑길 40코스	백제불교문화최초도래지
해파랑길 40코스 바우길 12구간	군부대가 있던자리를 산책과 공원으로 새롭게 꾸민 사천진리 해변공원
해파랑길 40코스 바우길 12구간	직접 어민들이 바다
해파랑길 40코스 바우길 12구간	아름다운 주문진해변
남파랑길 41코스	천하몽돌해변
서해랑길 41코스	구시포해변
서해랑길 41코스	장호어촌체험마을
해파랑길 41코스	쉬고 또 쉰다는 의미의 휴휴암. 낙산사와 함께 새로운 일출 명소로 떠오름
해파랑길 41코스	하천의 담수와 동해안 바닷물이 만나는 지점
해파랑길 41코스	송림과 깨끗한 백사장으로 사랑받는 양양군 남쪽 끝
해파랑길 41코스	하나 남애항
남파랑길 42코스	길현미술관
남파랑길 42코스	홍현해라우지마을
해파랑길 42코스	기암절벽과 동해바다가 절경인 사시사철 송죽이 울창한 죽도정
해파랑길 42코스	38선 바로 옆
해파랑길 42코스	애국가
서해랑길 43코스	반암교~용선교 일대
해파랑길 43코스	가자미 배낚시, 요트, 투명보트로 유명한 일출 명소 수산항
남파랑길 44코스	장항해변
서해랑길 44코스	줄포만생태갯벌공원
해파랑길 44코스	관동팔경 중 하나로 신라 의상대사가 창건한 낙산사
해파랑길 44코스	동해바다와 설악산
해파랑길 44코스	대표 어항 물치항
남파랑길 45코스	노구마을 보호수
해파랑길 45코스	인근 설악산 척산온천과 함께 속초의 대표적인 명소 속초 해변
해파랑길 45코스	고즈넉한 영랑호
남파랑길 46코스	이충무공전몰유허(이락사)
해파랑길 46코스	울창한 송림과 넓고 깨끗한 백사장으로 가족단위 해수욕
서해랑길 47코스	격포해변
해파랑길 47코스	강릉 함씨, 강릉 최씨, 용궁 김씨 집성촌으로 14세기부터 형성된 고성 왕곡마을
해파랑길 47코스	바닷고기와 민물고기가 함께 서식하는 고니를 비롯한 겨울철새 도래지 송지호
남파랑길 48코스	섬진강 자전거길
남파랑길 48코스	강변 풍경
서해랑길 48코스	변산해변
서해랑길 48코스	새만금방조제
해파랑길 48코스	가진활어회센터
해파랑길 48코스	해마다 어린 연어가 집중 방류되는 곳으로 연어 조형물이 전시된 연어맞이 광장
해파랑길 48코스	시내와 인접해 편의 시설이 많고 지역민과 관광객들에게 잘 알려진 거진리 해변
남파랑길 49코스	전어축제로 유명한 망덕포구 일원은 바다와 섬진강이 만나는 독특한 경관을 볼 수 있으며 전망데크와 쉼터가 잘 구성되어 있음
남파랑길 49코스	경관
해파랑길 49코스	통일과 평화, 가족의 소중함을 담은 거진등대 해맞이공원
해파랑길 5코스	수심이 얕으며 백사장이 넓고 바닷물이 맑은 진하해변
해파랑길 5코스	옹기회관, 옹기전시관, 상설판매장 등이 위치한 외고산 옹기마을
해파랑길 5코스	동해남부선
서해랑길 50코스	고마저수지
해파랑길 50코스	군사지역으로 한시적으로만 개장되는 동해안 최북단 명파해변
해파랑길 50코스	동해안 최북단 해발 70미터 고지
남파랑길 51코스	순청왜성
남파랑길 51코스	이순신장군이 27일간을 머물면서 전사 하루 전 소서행장을 노량 앞바다로 유인하여 대첩을 거둔 유서깊은 전적지
서해랑길 52코스	망해대
남파랑길 56코스	도심속
남파랑길 57코스	봉화산 봉화대와 고봉산전망대
서해랑길 58코스	선도리어촌체험마을
서해랑길 58코스	마랑포구
서해랑길 58코스	성경전래지기념관
서해랑길 58코스	마랑리동백나무숲
서해랑길 58코스	춘장대해변
남파랑길 59코스	가사리 생태체험장과 소라면 복산리~달천교까지 이어지는 자전거길
서해랑길 59코스	무창포신비의바닷길
서해랑길 59코스	죽도관광지
해파랑길 6코스	실내, 야외로 운영중인 수영장과 4가지 주제로 꾸며진 울산대공원
해파랑길 6코스	4개 코스를 가진 순환산책로 솔마루길
서해랑길 60코스	보령머드박물관
남파랑길 62코스	일출이 아름다운 화포해변
남파랑길 63코스	벌교갯벌습지와 여자만 풍광
남파랑길 64코스	소박한 마을들과 조용한 농로를 걸으며 여유로움을 느낄 수 있음
남파랑길 64코스	이색자원적인 체험이 가능
서해랑길 64-2코스(지선2코스)	해미순교성지
서해랑길 64-3(지선3코스)	마애삼존불상
서해랑길 64-4(지선4코스)	서산유기방가옥
서해랑길 64-6(지선6코스)	합덕재래시장
서해랑길 65코스	청포대해변
서해랑길 65코스	달산포해변
남파랑길 66코스	남해 다도해 풍경이 아름다운 우미산 정상
남파랑길 66코스	해안절벽로
남파랑길 66코스	고흥군
서해랑길 66코스	안흥석성
서해랑길 66코스	국립태안해양유물전시관
서해랑길 66코스	마도
남파랑길 67코스	영남 만리성
남파랑길 69코스	철쭉동산
남파랑길 69코스	한국의 아름다운 숲으로 선정된 천연기념물 제239호인 금탑사 비자림과 금탑사
서해랑길 69코스	의항해변
남파랑길 7코스	수치마을 해안로
서해랑길 7코스	죽제산산림욕장
해파랑길 7코스	도심 친수공간 태화강대공원
남파랑길 70코스	해안도로를 따라 아름다운 남해 경관을 보며 걸을 수 있음
서해랑길 70코스	장길산
서해랑길 70코스	용의눈물
서해랑길 70코스	구례포해변
서해랑길 71코스	학암포해변
서해랑길 71코스	볏가리체험마을
서해랑길 71코스	사목해변
서해랑길 72코스	꾸지나무골해변
서해랑길 72코스	여섬(꽤갈섬)
남파랑길 74코스	내로마을, 외로마을, 도야마을
남파랑길 74코스	풍경
서해랑길 74코스	밤섬해수욕장
서해랑길 75코스	시우치 저수지
남파랑길 76코스	장선해변
남파랑길 76코스	득량만생태공원
서해랑길 77코스	서산창착예술촌
남파랑길 78코스	한승원 문학산책길
남파랑길 79코스	사금어촌체험마을
남파랑길 8코스	장복산 편백숲쉼터
해파랑길 8코스	울산만 밖
서해랑길 81코스	석문호
남파랑길 82코스	강진만 양안을 연결하는 가우도 출렁다리
남파랑길 82코스	약 1km 길이로 청자타워
남파랑길 82코스	옹기마을
남파랑길 83코스	철새도래지
서해랑길 83코스	삽교호짚트랙
서해랑길 83코스	해양테마과학관
남파랑길 84코스	사초해안도로
남파랑길 84코스	신전면 해안관광로 전망데크
서해랑길 84코스	아산만방조제
남파랑길 85코스	다도해의 푸른 바다를 바라보며 바닷가 근처
남파랑길 86코스	남창5일장
남파랑길 86코스	해조류센터 주변 등대와 활어회센터
서해랑길 87코스	매항리마을
남파랑길 88코스	역사드라마 촬영의 메카 해신 드라마 세트장
서해랑길 88코스	백미리어촌체험마을
서해랑길 88코스	제부도아트파크
남파랑길 9코스	노산동 가고파거리
남파랑길 9코스	315의거기념비
남파랑길 90코스	우리나라 최남단
서해랑길 90코스	홀곶갯벌체험장
서해랑길 91코스	종현어촌체험마을
서해랑길 95코스	학인에코테마파크
서해랑길 95코스	한국근대문화관
DMZ 평화의 길 1코스	생활상을 가까이
DMZ 평화의 길 1코스	잘 보존된 한강하구 중립수역을 한눈
DMZ 평화의 길 1코스	6.25전쟁
DMZ 평화의 길 1코스	조선 시대 강화해협을 지키는 요새였던 문수산성
DMZ 평화의 길 11코스 	자연제방 위
DMZ 평화의 길 11코스 	자라봉
DMZ 평화의 길 11코스 	조선시대
DMZ 평화의 길 12코스	임진강 본류의 홍수조절 능력 확보를 위해 건립된 단일목적댐, 군남홍수조절지
DMZ 평화의 길 15코스	관우리
DMZ 평화의 길 16코스 (예약노선)	일제강점기
DMZ 평화의 길 18코스	백골상
DMZ 평화의 길 18코스	자누리 와수천을 가로지르는 자누리출렁다리
DMZ 평화의 길 18코스	자누리골 농촌체험휴양마을
DMZ 평화의 길 19코스	인근 지역
DMZ 평화의 길 19-1코스(우회로)	매년 여름 토마토축제를 개최하는 사내문화마을
DMZ 평화의 길 20코스	병풍처럼 깎아지른 기암괴석으로 주변 산중
DMZ 평화의 길 20코스	계성리 마을
DMZ 평화의 길 20코스	한국전쟁 당시 인민군 시설의 면모와 생활상을 알 수 있는, 인민군 사령부 막사
DMZ 평화의 길 2-1코스(우회로)	1866년 병인양요 당시 프랑스군과 전투가 벌어진 역사적 현장 문수산성
DMZ 평화의 길 2-1코스(우회로)	1127년(인종 5)
DMZ 평화의 길 2-1코스(우회로)	가톨릭 교회 통진성당
DMZ 평화의 길 21코스	병풍처럼 깎아지른 듯한 기암괴석, 비래바위
DMZ 평화의 길 21코스	유물인 계성리 석등
DMZ 평화의 길 21코스	인민군 사령부 막사
DMZ 평화의 길 22코스	화천댐 건설 이후 북한강을 건너기 위해 만든 꺼먹다리
DMZ 평화의 길 22코스	화천댐 건설 이후 거대한 호수가 된 파로호
DMZ 평화의 길 22코스	6.25전쟁 때 국군이 중공군의 대공세를 무찌른 전투를 기리는 파로호 안보전시관
DMZ 평화의 길 22코스	역사와 문화를 한눈
DMZ 평화의 길 23코스	과 겨울철
DMZ 평화의 길 23코스	한국전쟁 직후 피난 온 사람들이 정착하여 화전 밭을 일구며 형성된 마을, 비수구미
DMZ 평화의 길 23코스	남북은 물론, 세계 평화를 기원하는 의미를 담아 조성한 국제평화아트파크
DMZ 평화의 길 24코스	분쟁지역
DMZ 평화의 길 24코스	기암절벽이 감싸고 있으며, 차가운 물이 흘러 여름철 피서객이 즐겨 찾는 파서탕
DMZ 평화의 길 25코스	백자로 유명했던 방산 지역의 도자기를 모아 전시한 양구백자박물관
DMZ 평화의 길 25코스	대하천, 수입천
DMZ 평화의 길 25코스	독특한 형태의 암벽과 그 사이로 쏟아지는 물줄기가 절경을 이루는 직연폭포
DMZ 평화의 길 26코스 (예약노선)	국내 최대 열목어 서식지로 알려진 두타연계곡
DMZ 평화의 길 28코스	화채 그릇(Punch Bowl)
DMZ 평화의 길 28코스	통일교육장으로 활용하기 위해 건립된 양구 통일관
DMZ 평화의 길 28코스	비무장지대 안
DMZ 평화의 길 28코스	군사분계선 부근의 최전방 안보 관광지, 을지전망대
DMZ 평화의 길 29코스	6.25전쟁 중 양구 지역
DMZ 평화의 길 30코스 (예약노선)	사계절 농촌 체험 프로그램 농장 및 숙박 시설을 운영하는 피스빌리지
DMZ 평화의 길 30코스 (예약노선)	천연기념물로 지정된 남한 유일의 고층 습지인 대암산 용늪
DMZ 평화의 길 30코스 (예약노선)	금강산의 일부로 여겨지며, 6.25전쟁 당시 요충지로 알려졌던 향로
DMZ 평화의 길 30-1코스(우회로)	사계절 농촌 체험 프로그램 농장 및 숙박 시설을 운영하는 피스빌리지
DMZ 평화의 길 30-1코스(우회로)	용늪마을자연생태학교
DMZ 평화의 길 30-1코스(우회로)	노무현대통령이 말련
DMZ 평화의 길 30-2코스(우회로)	진부령과 미시령
DMZ 평화의 길 30-2코스(우회로)	산봉우리
DMZ 평화의 길 30-2코스(우회로)	수려한 경관이 한눈
DMZ 평화의 길 3-1코스(우회로)	가톨릭 교회 통진성당
DMZ 평화의 길 3-1코스(우회로)	대표적인 어장인 전류리포구
DMZ 평화의 길 31코스 	인제와 고성을 잇는 옛 고갯길인 진부령
DMZ 평화의 길 31코스 	아름다운 설경으로 유명한 백두대간 봉우리 마산봉
DMZ 평화의 길 31-1코스(우회로)	고성읍출장사무소 건물을 개조해 만든 진부령미술관
DMZ 평화의 길 32코스	팔려가는 소들이 주막 앞
DMZ 평화의 길 32코스	신라 법흥왕 시대
DMZ 평화의 길 32-1코스(우회로)	팔려가는 소들이 주막 앞
DMZ 평화의 길 32-1코스(우회로)	1930년부터 원상-양양간 동해북부선을 잇던 북천철교
DMZ 평화의 길 32-1코스(우회로)	어항 거진항
DMZ 평화의 길 33코스	신라 법흥왕 시대
DMZ 평화의 길 33코스	자연 호수 화진포
DMZ 평화의 길 33-1코스(우회로)	통일과 평화, 가족의 소중함을 담은 거진등대 해맞이공원
DMZ 평화의 길 34코스	금강산, 해금강을 관람하고 DMZ
DMZ 평화의 길 4코스	생태 탐방 시설을 갖춘 하동천 생태탐방로
DMZ 평화의 길 4-1코스(지선코스)	임진왜란 3대 대첩 중 하나인 행주대첩이 벌어졌던 행주산성
DMZ 평화의 길 5코스	한강과 임진강, 서해가 만나는 곳
DMZ 평화의 길 5코스	각종 철새가 겨울을 나는 한강하류 재두루미 도래지
DMZ 평화의 길 7코스	황희가 임진강 하류의 절경을 감상했다는 정자 반구정
DMZ 평화의 길 7코스	슬픔을 달랜 임진각관광지
DMZ 평화의 길 8코스 (예약노선)	생태수로와 습지관찰데크 등을 갖춘 임진각 수풀누리
DMZ 평화의 길 8코스 (예약노선)	해마루촌
DMZ 평화의 길 8-1코스(우회로)	임진각과 북한기념관, 각종 기념비 및 통일공원 등으로 이루어진 임진각국민관광지
DMZ 평화의 길 8-1코스(우회로)	임진강가 벼랑 위
DMZ 평화의 길 9코스 	조선시대 대표적인 명의 허준과 부인 안동김씨의 쌍분 무덤인 허준 묘
